"SCHEMA_TYPE","NAME","DESCRIPTION","FORMAT","CREATED","LAST_MODIFIED","DOC_SIZE","URL","URL_TYPE","PARENT_ID","DKAN_PARENT_DATASET_NODE_ID","DKAN_PARENT_DATASET_TITLE","DKAN_RESOURCE_NODE_ID","DKAN_URI"
"data","Terranes - GeoYukon","GeoYukon web map for viewing Terranes layers.","Webmap","2021-04-08 12:04:59","2025-07-02 10:07:38","","https://mapservices.gov.yk.ca/geoyukon/?&LayerTheme=Geology","",2,"","","",""
"data","Terranes - Data","Terranes - Spatial Data (GDB, SHP, KMZ)","Spatial Data","2020-08-27 11:08:55","2025-07-02 10:07:04","","https://map-data.service.yukon.ca/GeoYukon/Geological/Terranes/","",2,"","","",""
"data","Terranes - Metadata","Layer files for the faults and terranes.","ZIP","2020-08-27 11:08:13","2025-07-11 03:07:11","","https://ygsftp.gov.yk.ca/YGSIDS/metadata/Bedrock_Terranes_Metadata.zip","",2,"","","",""
"data","Yukon Terranes 2020 - PDFs","Yukon Terranes 2020 - PDFs","PDF","2021-04-16 01:04:42","2025-07-11 12:07:09","","https://ygsftp.gov.yk.ca/YGSIDS/compilations/Terranes/2020/Terranes_PDF_2020.zip","",2,"","","",""
"data","Bedrock Geology - GeoYukon","GeoYukon web map for viewing Geology Data layers.","Webmap","2021-04-08 11:04:43","2025-07-02 07:07:15","","https://mapservices.gov.yk.ca/geoyukon/?&LayerTheme=Geology","",3,"","","",""
"data","Bedrock Geology - Data","Bedrock Geology - Spatial Data (GDB, SHP, KMZ)","Spatial Data","2025-06-27 12:06:21","2025-07-11 07:07:23","","https://map-data.service.yukon.ca/GeoYukon/Geological/Yukon_Bedrock_Geology_Complete/","",3,"","","",""
"data","Bedrock map and legend (PDF) - 1M","Bedrock geology map and legend (1M scale)","PDF","2016-03-03 08:03:53","2025-07-11 07:07:06","","https://data.geology.gov.yk.ca/Reference/95934","",3,"","","",""
"data","Bedrock Geology - Metadata","This zip contains metadata, font package, lyr files and qml files.","Webmap","2025-07-11 02:07:45","2025-07-11 02:07:45","","https://ygsftp.gov.yk.ca/YGSIDS/metadata/Bedrock_Geology_Metadata.zip","",3,"","","",""
"data","Contacts - Data","Contacts - Spatial Data (GDB, SHP, KMZ)","Spatial Data","2025-06-27 12:06:52","2025-07-02 07:07:15","","https://map-data.service.yukon.ca/geoyukon/Geological/Contacts/","",3,"","","",""
"data","Faults - Data","Faults - Spatial Data (GDB, SHP, KMZ)","Spatial Data","2025-06-27 12:06:19","2025-07-02 07:07:20","","https://map-data.service.yukon.ca/geoyukon/Geological/Faults/","",3,"","","",""
"data","Folds - Data","Folds - Spatial Data (GDB, SHP, KMZ)","Spatial Data","2025-06-27 12:06:51","2025-07-02 07:07:25","","https://map-data.service.yukon.ca/geoyukon/Geological/Folds_250k/","",3,"","","",""
"data","Georeferenced 250k bedrock maps","These georeferenced pdf maps contain bedrock geology information in Yukon. They are intended for use in software such as Avenza PDF Maps.","Web","2018-11-23 03:11:33","2025-07-02 08:07:58","","https://data.geology.gov.yk.ca/Compilation/23","",3,"","","",""
"data","Till geochemistry 2014-04-08 - Metadata","Till Geochemistry Samples - Spatial Data (GDB, SHP, KMZ)","Spatial Data","2019-11-06 04:11:53","2025-07-02 10:07:58","","https://ygsftp.gov.yk.ca/YGSIDS/compilations/Till_Geochemistry/","",18,"","","",""
"data","Yukon Digital Surficial Geology Compilation Info","Background information on the Yukon digital surficial geology compilation project as a whole, including: data compilation methods; a summary of the Yukon terrain classification system; and descriptions and links to all GIS products (24 page PDF document, 798 KB)","Web","2020-01-10 04:01:56","2025-07-02 10:07:13","","https://data.geology.gov.yk.ca/Compilation/33","",18,"","","",""
"data","PDF (GSC source maps only)","Compilation source maps and legends originally produced by GSC may be downloaded in PDF format by searching the GEOSCAN publications database by author, title and/or publication number.","Web","2014-04-14 01:04:15","2025-07-02 09:07:54","","https://ostrnrcan-dostrncan.canada.ca/handle/1845/60977","",19,"","","",""
"data","Stratigraphic sections 2014-04-08 - Data","Stratigraphic sections - Spatial Data (GDB, SHP, KMZ)","Spatial Data","2019-11-06 04:11:59","2025-07-02 09:07:39","","https://ygsftp.gov.yk.ca/YGSIDS/compilations/StratigraphicSections/","",19,"","","",""
"data","PDF (YGS source maps only)","Compilation source maps and legends originally produced by YGS may be downloaded in PDF format by clicking on the links provided in the “Related References” table below, or by searching the YGS integrated data system (YGSIDS) by author, title and/or publication number.","PDF","2014-04-14 01:04:15","2025-07-02 09:07:56","","https://data.geology.gov.yk.ca/","",19,"","","",""
"data","Yukon Digital Surficial Geology Compilation Info","Background information on the Yukon digital surficial geology compilation project as a whole, including: data compilation methods; a summary of the Yukon terrain classification system; and descriptions and links to all GIS products (24 page PDF document, 798 KB)","Web","2014-04-17 12:04:10","2025-07-02 09:07:51","","https://data.geology.gov.yk.ca/Compilation/33","",19,"","","",""
"data","Regional Geochemical Surveys - GeoYukon","GeoYukon web map for viewing Regional Geochemical Surveys layers.","Webmap","2020-08-27 10:08:03","2025-07-11 11:07:37","","https://mapservices.gov.yk.ca/GeoYukon/?scale=640000&center=380201.8723245942%2C674515.8746579753&layers=1UQ3ku3r6%2B2J0R7Ui618eoz93BmEIl18eqUI2K1I3B","",21,"","","",""
"data","Regional Geochemical Surveys (RGS) - Data","Regional Geochemical Surveys (RGS) - Spatial Data (GDB, SHP, KMZ)","Spatial Data","2020-11-19 11:11:38","2025-07-11 11:07:36","","https://map-data.service.yukon.ca/GeoYukon/Geological/Regional_Geochemical_Surveys_RGS_All_250k/","",21,"","","",""
"data","Regional Geochemical Surveys (RGS) - Metadata","This zip contains the metadata related to the RGSs.","ZIP","2025-07-11 11:07:00","2025-07-11 11:07:40","","https://ygsftp.gov.yk.ca/YGSIDS/compilations/RGS_Reanalysis/November_2020/Regional_Geochemical_Surveys_RGS_250k.xls.zip","",21,"","","",""
"data","Yukon geochronology - GeoYukon","GeoYukon web map for viewing Geochronology layers.","Webmap","2018-09-05 01:09:11","2025-07-11 12:07:13","","https://mapservices.gov.yk.ca/geoyukon/?scale=640000&center=381514.20828259934%2C691070.7215697523&layers=1UQ3ku1cw1p9","",22,"","","",""
"data","Geochronology - Data","Geochronology - Spatial Data (GDB, SHP, KMZ)","Spatial Data","2018-09-04 03:09:59","2025-07-02 10:07:47","","https://map-data.service.yukon.ca/GeoYukon/Geological/Geochronology/","",22,"","","",""
"data","Yukon geochronology Metadata","Project metadata and layer file to be used to symbolize data in GIS software.","ZIP","2020-08-27 10:08:32","2025-07-11 03:07:47","","https://ygsftp.gov.yk.ca/YGSIDS/metadata/Geochronology_Metadata.zip","",22,"","","",""
"data","105K geology","Tay River geology","PDF","2018-11-23 10:11:31","2025-07-02 08:07:55","","https://ygsftp.gov.yk.ca/publications/avenza_maps/105K_yukon_geology250k.pdf","",23,"","","",""
"data","105L geology","Glenlyon geology","PDF","2018-11-23 10:11:31","2025-07-02 08:07:55","","https://ygsftp.gov.yk.ca/publications/avenza_maps/105L_yukon_geology250k.pdf","",23,"","","",""
"data","105M geology","Mayo geology","PDF","2018-11-23 10:11:31","2025-07-02 08:07:55","","https://ygsftp.gov.yk.ca/publications/avenza_maps/105M_yukon_geology250k.pdf","",23,"","","",""
"data","105N geology","Lansing Range geology","PDF","2018-11-23 10:11:31","2025-07-02 08:07:55","","https://ygsftp.gov.yk.ca/publications/avenza_maps/105N_yukon_geology250k.pdf","",23,"","","",""
"data","105OP geology","Niddery Lake and Sekwi Mountain geology","PDF","2018-11-23 10:11:31","2025-07-02 08:07:55","","https://ygsftp.gov.yk.ca/publications/avenza_maps/105OP_yukon_geology250k.pdf","",23,"","","",""
"data","106B geology","Bonnet Plume Lake geology","PDF","2018-11-23 10:11:31","2025-07-02 08:07:55","","https://ygsftp.gov.yk.ca/publications/avenza_maps/106B_yukon_geology250k.pdf","",23,"","","",""
"data","106C geology","Nadaleen River geology","PDF","2018-11-23 10:11:31","2025-07-02 08:07:55","","https://ygsftp.gov.yk.ca/publications/avenza_maps/106C_yukon_geology250k.pdf","",23,"","","",""
"data","106D geology","Nash Creek geology","PDF","2018-11-23 10:11:31","2025-07-02 08:07:55","","https://ygsftp.gov.yk.ca/publications/avenza_maps/106D_yukon_geology250k.pdf","",23,"","","",""
"data","106E geology","Wind River geology","PDF","2018-11-23 10:11:31","2025-07-02 08:07:55","","https://ygsftp.gov.yk.ca/publications/avenza_maps/106E_yukon_geology250k.pdf","",23,"","","",""
"data","106F geology","Snake River geology","PDF","2018-11-23 10:11:31","2025-07-02 08:07:55","","https://ygsftp.gov.yk.ca/publications/avenza_maps/106F_yukon_geology250k.pdf","",23,"","","",""
"data","106K geology","Martin House geology","PDF","2018-11-23 10:11:31","2025-07-02 08:07:55","","https://ygsftp.gov.yk.ca/publications/avenza_maps/106K_yukon_geology250k.pdf","",23,"","","",""
"data","106L geology","Trail River geology","PDF","2018-11-23 10:11:31","2025-07-02 08:07:55","","https://ygsftp.gov.yk.ca/publications/avenza_maps/106L_yukon_geology250k.pdf","",23,"","","",""
"data","115A geology","Dezadeash Range geology","PDF","2018-11-23 10:11:31","2025-07-02 08:07:55","","https://ygsftp.gov.yk.ca/publications/avenza_maps/115A_yukon_geology250k.pdf","",23,"","","",""
"data","115BC geology","Mount St Elias geology","PDF","2018-11-23 10:11:31","2025-07-02 08:07:55","","https://ygsftp.gov.yk.ca/publications/avenza_maps/115BC_yukon_geology250k.pdf","",23,"","","",""
"data","115FG geology","Kluane Lake geology","PDF","2018-11-23 10:11:59","2025-07-02 08:07:55","","https://ygsftp.gov.yk.ca/publications/avenza_maps/115FG_yukon_geology250k.pdf","",23,"","","",""
"data","115H geology","Aishihik Lake geology","PDF","2018-11-23 10:11:59","2025-07-02 08:07:55","","https://ygsftp.gov.yk.ca/publications/avenza_maps/115H_yukon_geology250k.pdf","",23,"","","",""
"data","115I geology","Carmacks geology","PDF","2018-11-23 10:11:59","2025-07-02 08:07:55","","https://ygsftp.gov.yk.ca/publications/avenza_maps/115I_yukon_geology250k.pdf","",23,"","","",""
"data","115JK geology","Stevenson Ridge geology","PDF","2018-11-23 10:11:59","2025-07-02 08:07:55","","https://ygsftp.gov.yk.ca/publications/avenza_maps/115JK_yukon_geology250k.pdf","",23,"","","",""
"data","115NO geology","Stewart River geology","PDF","2018-11-23 10:11:59","2025-07-02 08:07:55","","https://ygsftp.gov.yk.ca/publications/avenza_maps/115NO_yukon_geology250k.pdf","",23,"","","",""
"data","115P geology","Mcquesten geology","PDF","2018-11-23 10:11:59","2025-07-02 08:07:55","","https://ygsftp.gov.yk.ca/publications/avenza_maps/115P_yukon_geology250k.pdf","",23,"","","",""
"data","Avenza Store","These maps can also be found in the Avenza store.","Web","2018-11-23 11:11:28","2025-07-02 08:07:55","","https://www.avenzamaps.com/vendor/3337/yukon-geological-survey","",23,"","","",""
"data","095E geology","Flat River geology","PDF","2018-11-23 10:11:53","2025-07-02 08:07:55","","https://ygsftp.gov.yk.ca/publications/avenza_maps/095E_yukon_geology250k.pdf","",23,"","","",""
"data","095BC geology","Fort Liard and La Biche River maps.","PDF","2018-11-23 10:11:53","2025-07-02 08:07:55","","https://ygsftp.gov.yk.ca/publications/avenza_maps/095BC_yukon_geology250k.pdf","",23,"","","",""
"data","095D geology","Coal River geology","PDF","2018-11-23 10:11:53","2025-07-02 08:07:55","","https://ygsftp.gov.yk.ca/publications/avenza_maps/095D_yukon_geology250k.pdf","",23,"","","",""
"data","105A geology","Watson Lake geology","PDF","2018-11-23 10:11:53","2025-07-02 08:07:55","","https://ygsftp.gov.yk.ca/publications/avenza_maps/105A_yukon_geology250k.pdf","",23,"","","",""
"data","105B geology","Wolf Lake geology","PDF","2018-11-23 10:11:53","2025-07-02 08:07:55","","https://ygsftp.gov.yk.ca/publications/avenza_maps/105B_yukon_geology250k.pdf","",23,"","","",""
"data","105C geology","Teslin geology","PDF","2018-11-23 10:11:53","2025-07-02 08:07:55","","https://ygsftp.gov.yk.ca/publications/avenza_maps/105C_yukon_geology250k.pdf","",23,"","","",""
"data","105D geology","Whitehorse geology","PDF","2018-11-23 10:11:53","2025-07-02 08:07:55","","https://ygsftp.gov.yk.ca/publications/avenza_maps/105D_yukon_geology250k.pdf","",23,"","","",""
"data","105E geology","Lake Laberge geology","PDF","2018-11-23 10:11:53","2025-07-02 08:07:55","","https://ygsftp.gov.yk.ca/publications/avenza_maps/105E_yukon_geology250k.pdf","",23,"","","",""
"data","105F geology","Quiet Lake geology","PDF","2018-11-23 10:11:53","2025-07-02 08:07:55","","https://ygsftp.gov.yk.ca/publications/avenza_maps/105F_yukon_geology250k.pdf","",23,"","","",""
"data","105G geology","Finlayson Lake geology","PDF","2018-11-23 10:11:53","2025-07-02 08:07:55","","https://ygsftp.gov.yk.ca/publications/avenza_maps/105G_yukon_geology250k.pdf","",23,"","","",""
"data","105H geology","Frances Lake geology","PDF","2018-11-23 10:11:53","2025-07-02 08:07:55","","https://ygsftp.gov.yk.ca/publications/avenza_maps/105H_yukon_geology250k.pdf","",23,"","","",""
"data","105I geology","Little Nahanni River geology","PDF","2018-11-23 10:11:53","2025-07-02 08:07:55","","https://ygsftp.gov.yk.ca/publications/avenza_maps/105I_yukon_geology250k.pdf","",23,"","","",""
"data","105J geology","Sheldon Lake geology","PDF","2018-11-23 10:11:53","2025-07-02 08:07:55","","https://ygsftp.gov.yk.ca/publications/avenza_maps/105J_yukon_geology250k.pdf","",23,"","","",""
"data","116A geology","Larsen Creek geology","PDF","2018-11-23 10:11:53","2025-07-02 08:07:55","","https://ygsftp.gov.yk.ca/publications/avenza_maps/116A_yukon_geology250k.pdf","",23,"","","",""
"data","116BC geology","Dawson geology","PDF","2018-11-23 10:11:53","2025-07-02 08:07:55","","https://ygsftp.gov.yk.ca/publications/avenza_maps/116BC_yukon_geology250k.pdf","",23,"","","",""
"data","116FG geology","Ogilvie River geology","PDF","2018-11-23 10:11:53","2025-07-02 08:07:55","","https://ygsftp.gov.yk.ca/publications/avenza_maps/116FG_yukon_geology250k.pdf","",23,"","","",""
"data","116H geology","Hart River geology","PDF","2018-11-23 10:11:53","2025-07-02 08:07:55","","https://ygsftp.gov.yk.ca/publications/avenza_maps/116H_yukon_geology250k.pdf","",23,"","","",""
"data","116I geology","Eagle River geology","PDF","2018-11-23 10:11:53","2025-07-02 08:07:55","","https://ygsftp.gov.yk.ca/publications/avenza_maps/116I_yukon_geology250k.pdf","",23,"","","",""
"data","116JK geology","Porcupine River geology","PDF","2018-11-23 10:11:53","2025-07-02 08:07:55","","https://ygsftp.gov.yk.ca/publications/avenza_maps/116JK_yukon_geology250k.pdf","",23,"","","",""
"data","116NO geology","Old Crow geology","PDF","2018-11-23 10:11:53","2025-07-02 08:07:55","","https://ygsftp.gov.yk.ca/publications/avenza_maps/116NO_yukon_geology250k.pdf","",23,"","","",""
"data","116P geology","Bell River geology","PDF","2018-11-23 10:11:53","2025-07-02 08:07:55","","https://ygsftp.gov.yk.ca/publications/avenza_maps/116P_yukon_geology250k.pdf","",23,"","","",""
"data","117AB geology","Blow River and Davidson Mountains geology","PDF","2018-11-23 10:11:53","2025-07-02 08:07:55","","https://ygsftp.gov.yk.ca/publications/avenza_maps/117AB_yukon_geology250k.pdf","",23,"","","",""
"data","117CD geology","Demarcation Point and Herschel Island geology","PDF","2018-11-23 10:11:53","2025-07-02 08:07:55","","https://ygsftp.gov.yk.ca/publications/avenza_maps/117CD_yukon_geology250k.pdf","",23,"","","",""
"data","Yukon 250k maps","Zip file contains all 250k maps. File is 520MB.","PDF","2018-11-23 10:11:53","2025-07-02 08:07:55","","https://ygsftp.gov.yk.ca/publications/avenza_maps/Yukon_250k_geologymaps.zip","",23,"","","",""
"data","Mineral occurrences and drillholes - GeoYukon","Mineral occurrences and drillholes in the Yukon.","Webmap","2023-09-22 09:09:23","2025-07-11 09:07:00","","https://mapservices.gov.yk.ca/GeoYukon/?layers=1UQ3ku0FQXo60drl3930zAAJ3oLfeb0aBBZu3Y1yHp1z0FQn0v1ki%2F0wBpsC3w24zc2zjCci","",24,"","","",""
"data","Mineral Occurrences 250k - Data","Mineral Occurrences - Spatial Data (GDB, SHP, KMZ)","Spatial Data","2020-08-27 11:08:14","2025-07-02 08:07:08","","https://map-data.service.yukon.ca/GeoYukon/Geological/Mineral_Occurrences_250k","",24,"","","",""
"data","Mineral Occurrence Portal","List all mineral occurrences.","Web","2025-07-11 09:07:46","2025-07-11 09:07:29","","https://data.geology.gov.yk.ca/Occurrences/","",24,"","","",""
"data","Mineral Occurrences 250k - Metadata","For use in ArcGIS","ZIP","2023-04-05 10:04:18","2025-07-11 09:07:51","","https://ygsftp.gov.yk.ca/YGSIDS/compilations/Minfile/","",24,"","","",""
"data","Search mineral exploration reports and data","Search mineral exploration reports and data in an interactive web application.","Webmap","2023-09-22 08:09:26","2025-07-11 01:07:56","","https://yukon.maps.arcgis.com/apps/MapSeries/index.html?appid=8fb962bd667c49b4baec083e0423c8ce","",25,"","","",""
"data","Assessment Report Footprints - Data","Assessment Report Footprints - Spatial Data (GDB, SHP, KMZ)","Spatial Data","2019-07-15 02:07:53","2025-07-02 08:07:54","","https://map-data.service.yukon.ca/GeoYukon/Geological/Assessment_Report_Footprints/","",25,"","","",""
"data","Mineral occurrence and drill core - GeoYukon","GeoYukon web map for viewing Mineral occurrence and drill core layers.","Webmap","2023-09-22 08:09:16","2025-07-11 10:07:23","","https://mapservices.gov.yk.ca/GeoYukon/?layers=1UQ3ku3oLfeb0aBBZu3Y1yHp1z0FQn0wBpsC3w24zc2zjCci2zjCci","",26,"","","",""
"data","Drillhole Locations 250k - Data","Drillhole Locations 250k - Spatial Data (GDB, SHP, KMZ)","Spatial Data","2019-07-15 02:07:50","2025-07-02 08:07:32","","https://map-data.service.yukon.ca/GeoYukon/Geological/Drillhole_Locations_250k/","",26,"","","",""
"data","Explore Yukon's glacial history - GeoYukon","GeoYukon web map for viewing Glacial Limits layers.","Webmap","2020-08-27 10:08:26","2025-07-02 08:07:56","","https://mapservices.gov.yk.ca/geoyukon/?&LayerTheme=Geology","",29,"","","",""
"data","Glacial Limits 1M data","Glacial Limits - Spatial Data (GDB, SHP, KMZ)","Spatial Data","2019-07-15 03:07:35","2025-07-02 08:07:08","","https://map-data.service.yukon.ca/GeoYukon/Geological/Glacial_Limits_1M/","",29,"","","",""
"data","Surficial Geology - GeoYukon","GeoYukon web map for viewing Surficial Geology layers.","Webmap","2021-04-08 11:04:33","2025-07-11 07:07:35","","https://mapservices.gov.yk.ca/GeoYukon/?layers=1UQ3ku2NQY3A2g0Fza","",33,"","","",""
"data","Surficial Geology Line- Data","Surficial Geology Lines - Spatial Data (GDB, SHP, KMZ)","Spatial Data","2025-07-11 07:07:45","2025-07-11 07:07:26","","https://map-data.service.yukon.ca/GeoYukon/Geological/Surficial_Geology_Line/","",33,"","","",""
"data","Surficial Geology Point - Data","Surficial Geology Points - Spatial Data (GDB, SHP, KMZ)","Spatial Data","2025-07-11 08:07:08","2025-07-11 08:07:24","","https://map-data.service.yukon.ca/GeoYukon/Geological/Surficial_Geology_Point/","",33,"","","",""
"data","Surficial Geology Polygon- Data","Surficial Geology Polygons - Spatial Data (GDB, SHP, KMZ)","Spatial Data","2023-08-11 03:08:45","2025-07-11 07:07:50","","https://map-data.service.yukon.ca/geoyukon/Geological/Surficial_Geology_Polygon/","",33,"","","",""
"data","Surficial Geology Index- Data","Surficial Geology Map Index - Spatial Data (GDB, SHP, KMZ)","Spatial Data","2025-07-11 08:07:25","2025-07-11 08:07:57","","https://map-data.service.yukon.ca/GeoYukon/Geological/Surficial_Geology_Map_Index/","",33,"","","",""
"data","Surficial Geology - Metadata","This zip contains the metadata related to the Surficial Geology dataset.","ZIP","2023-08-16 10:08:54","2025-07-11 03:07:27","","https://ygsftp.gov.yk.ca/YGSIDS/metadata/Surficial_Geology_Metadata.zip","",33,"","","",""
"data","Lithogeochemistry - GeoYukon","GeoYukon web map for viewing Lithogeochemistry layers.","Webmap","2025-07-02 08:07:12","2025-07-11 10:07:44","","https://mapservices.gov.yk.ca/geoyukon/?layers=1UQ3ku16w5Kn","",35,"","","",""
"data","Lithogeochemistry - Data","Lithogeochemistry - Spatial Data (GDB, SHP, KMZ)","Spatial Data","2020-08-27 11:08:13","2025-07-02 08:07:40","","https://map-data.service.yukon.ca/GeoYukon/Geological/Lithogeochemistry/","",35,"","","",""
"data","Lithogeochemistry - Metadata",".lyr file to be used for symbolizing in GIS software","Other","2020-08-27 11:08:13","2025-07-11 03:07:07","","https://ygsftp.gov.yk.ca/YGSIDS/metadata/Lithogeochemistry_Metadata.zip","",35,"","","",""
"data","Permafrost Database - Website","Web application","Web","2021-12-06 10:12:33","2025-07-02 08:07:01","","https://service.yukon.ca/permafrost/","",36,"","","",""
"data","Permafrost Report Index","<1MB","CSV","2021-12-06 10:12:55","2025-07-02 08:07:22","","https://ygsftp.gov.yk.ca/PermafrostDB/Data/Yukon_Permafrost_Report_Data.zip","",36,"","","",""
"data","Permafrost Reports - Points","Permafrost Reports - Points - Spatial Data (GDB, SHP, KMZ)","Spatial Data","2021-12-06 10:12:33","2025-07-11 11:07:23","","https://map-data.service.yukon.ca/GeoYukon/Environmental_Monitoring/Permafrost_Reports_Point/","",36,"","","",""
"data","Permafrost Reports - Polygons","Permafrost Reports - Polygons - Spatial Data (GDB, SHP, KMZ)","Spatial Data","2021-12-06 10:12:21","2025-07-11 11:07:13","","https://map-data.service.yukon.ca/GeoYukon/Environmental_Monitoring/Permafrost_Reports_Polygon/","",36,"","","",""
"data","Geotechnical Borehole - Dataset","~2MB","CSV","2021-12-06 10:12:06","2025-07-02 08:07:45","","https://ygsftp.gov.yk.ca/PermafrostDB/Data/Yukon_Permafrost_Geotech_Data.zip","",36,"","","",""
"data","Geotechnical Borehole - Locations","Geotechnical Borehole Locations - Spatial Data (GDB, SHP, KMZ)","Spatial Data","2021-12-06 10:12:40","2025-07-11 11:07:56","","https://map-data.service.yukon.ca/GeoYukon/Environmental_Monitoring/Geotechnical_Boreholes/","",36,"","","",""
"data","Geotechnical Reports - Line","Geotechnical Reports - Line - Spatial Data (GDB, SHP, KMZ)","Spatial Data","2021-12-06 10:12:50","2025-07-11 11:07:40","","https://map-data.service.yukon.ca/GeoYukon/Environmental_Monitoring/Geotechnical_Reports_Line/","",36,"","","",""
"data","Geotechnical Reports - Points","Geotechnical Reports - Points - Spatial Data (GDB, SHP, KMZ)","Spatial Data","2021-12-06 10:12:13","2025-07-11 11:07:12","","https://map-data.service.yukon.ca/GeoYukon/Environmental_Monitoring/Geotechnical_Reports_Point/","",36,"","","",""
"data","Geotechnical - Data Submission - Template","","Excel","2021-12-06 10:12:43","2025-07-02 08:07:03","","https://ygsftp.gov.yk.ca/PermafrostDB/Data/YPDB%20Geotechnical%20Data%20Submission%20Template%20v1.xlsx","",36,"","","",""
"data","Temperature Sensor - Dataset","~170MB","CSV","2021-12-06 10:12:32","2025-07-02 08:07:22","","https://ygsftp.gov.yk.ca/PermafrostDB/Data/Yukon_Permafrost_Temperature_Data.zip","",36,"","","",""
"data","Temperature Sensor Locations","Temperature Sensor Locations - Spatial Data (GDB, SHP, KMZ)","Spatial Data","2021-12-06 10:12:00","2025-07-11 11:07:45","","https://map-data.service.yukon.ca/GeoYukon/Environmental_Monitoring/Temperature_Sensors/","",36,"","","",""
"data","Temperature - Data Submission - Template","","Excel","2021-12-06 10:12:00","2025-07-02 08:07:09","","https://ygsftp.gov.yk.ca/PermafrostDB/Data/YPDB%20Temperature%20Data%20Submission%20Template%20v1.xlsx","",36,"","","",""
"data","Yukon Sulphide Pb and S Isotope - GeoYukon","GeoYukon web map for viewing Yukon Sulphide Pb and S Isotope layers.","Webmap","2025-07-02 10:07:31","2025-07-11 12:07:03","","https://mapservices.gov.yk.ca/GeoYukon/?layers=1UQ3ku3Xa6cO","",37,"","","",""
"data","Sulphide, Pb and S Isotope - Data","Sulphide, Pb and S Isotope - Spatial Data (GDB, SHP, KMZ)","Spatial Data","2023-01-19 01:01:29","2025-07-11 12:07:20","","https://map-data.service.yukon.ca/GeoYukon/Geological/Yukon_Sulphide_Pb_and_S_Isotope_Compilation/","",37,"","","",""
"data","Whole rock and feldspar PB isotope - Data","Whole rock and feldspar PB isotope - Spatial Data (GDB, SHP, KMZ)","Webmap","2025-07-11 02:07:57","2025-07-11 02:07:57","","https://map-data.service.yukon.ca/GeoYukon/Geological/Yukon_Whole_Rock_Pb_Nd_Hf_Sr_and_Feldspar_Pb_Isotope_Compilation/","",37,"","","",""
"data","WRX and Sulphide isotope - Metadata","This Zip contains the metadata and symbology for both WRX and Sulphide isotope.","ZIP","2022-11-17 12:11:20","2025-07-11 03:07:19","","https://ygsftp.gov.yk.ca/YGSIDS/metadata/WRX_Sulphide_isotope_Metadata.zip","",37,"","","",""
"data","Sulphide isotope - Data","sulphide isotope data","CSV","2022-11-17 08:11:33","2025-07-11 02:07:57","","https://ygsftp.gov.yk.ca/YGSIDS/compilations/Isotope/Yukon_Sulphide_isotopes_public_20230117.csv","",37,"","","",""
"data","WRX isotope - Data","whole rock and feldspar PB isotope data","CSV","2022-11-17 08:11:05","2025-07-11 02:07:53","","https://ygsftp.gov.yk.ca/YGSIDS/compilations/Isotope/Yukon_Wrx_isotopes_public_20230117.csv","",37,"","","",""
"data","Community Hazard - GeoYukon","GeoYukon web map for viewing Community Hazard layers.","Webmap","2025-07-02 09:07:19","2025-07-11 11:07:38","","https://mapservices.gov.yk.ca/geoyukon/?scale=2500000&center=394674.60960340215%2C935128.2507004354&layers=1UQ3ku09XDKg","",38,"","","",""
"data","Compiled GIS Communities Hazard Data","This contains a file geodatabase of all the data used to make the community hazard maps.","Spatial Data","2023-09-15 03:09:16","2025-07-11 03:07:53","","https://ygsftp.gov.yk.ca/ApexUploads/Compilations/38/Community Hazard Data Compiled.zip","",38,"","","",""
"data","Community Hazard Metadata","","ZIP","2025-07-11 03:07:31","2025-07-11 03:07:36","","https://ygsftp.gov.yk.ca/YGSIDS/metadata/Community_Hazard_Metadata.zip","",38,"","","",""
"data","Communities hazard reports and maps","List of the Communities hazard reports and maps.","PDF","2023-09-15 02:09:09","2025-07-11 03:07:58","","https://ygsftp.gov.yk.ca/ApexUploads/Compilations/38/","",38,"","","",""
"data","Yukon's Mineral Inventory - GeoYukon","GeoYukon web map for viewing Yukon's Mineral Inventory layers.","Webmap","2024-01-18 09:01:45","2025-07-11 11:07:24","","https://mapservices.gov.yk.ca/GeoYukon/?layers=1UQ3ku3w24zc","",40,"","","",""
"data","Mineral Deposits by Property - Data","Mineral Deposits by Property - Spatial Data (GDB, SHP, KMZ)","Spatial Data","2023-12-08 11:12:26","2025-07-02 08:07:37","","https://map-data.service.yukon.ca/GeoYukon/Geological/Mineral_Deposits_by_Property/","",40,"","","",""
"data","Mineral Deposits by Zone - Data","Mineral Deposits by Zone - Spatial Data (GDB, SHP, KMZ)","Spatial Data","2023-12-08 11:12:33","2025-07-02 08:07:47","","https://map-data.service.yukon.ca/GeoYukon/Geological/Mineral_Deposits_by_Zone/","",40,"","","",""
"data","Assessment Report Geochemistry - GeoYukon","GeoYukon web map for viewing Assessment Report layers.","Webmap","2025-07-02 08:07:28","2025-07-11 11:07:20","","https://mapservices.gov.yk.ca/geoyukon/?scale=320000&center=371525.1936054914%2C696786.8833035536&layers=1UQ3ku3r6%2B2J1jZj6X0R7V1K","",41,"","","",""
"data","Assessment Report Geochemistry (GARDEd) - Data","A packaged folder containing all datasets and documentation relating to the Assessment Report Geochemistry (GARDEd) project. This file is 399 MB.","Spatial Data","2024-05-14 12:05:16","2025-07-02 09:07:14","","https://map-data.service.yukon.ca/geoyukon/Geological/Assessment_Report_Geochemistry/","",41,"","","",""
"data","Assessment Report Geochemistry (GARDEd) - Manual","This manual outlines how to access and use data stored in the Geochemical Assessment Report Data Extracted database (GARDEd). This file is 2 MB.","PDF","2024-05-10 12:05:55","2025-07-02 09:07:31","","https://ygsftp.gov.yk.ca/ApexUploads/Compilations/41/AssessmentReportGeochemistry_GARDEd_Manual.pdf","",41,"","","",""
"data","Geothermal dataset - GeoYukon","GeoYukon web map for viewing Geothermal data","Webmap","2025-06-27 11:06:49","2025-07-11 08:07:05","","https://mapservices.gov.yk.ca/GeoYukon/?layers=1UQ3ku3va3T60FQXo60drl3930zAAJ","",42,"","","",""
"data","Geothermal Boreholes - Data","Geothermal Boreholes data for download","Spatial Data","2025-06-27 11:06:09","2025-07-11 09:07:55","","https://map-data.service.yukon.ca/GeoYukon/Geological/Geothermal_Boreholes/","",42,"","","",""
"data","Geothermal Thermal Springs - Data","Geothermal Thermal Springs - Spatial Data (GDB, SHP, KMZ)","Spatial Data","2025-06-27 11:06:25","2025-07-11 09:07:59","","https://map-data.service.yukon.ca/GeoYukon/Geological/Geothermal_Thermal_Springs/","",42,"","","",""
"data","Geothermal Radiogenic Heat Production - Data","Geothermal Radiogenic Heat Production - Spatial Data (GDB, SHP, KMZ)","Spatial Data","2025-06-27 11:06:47","2025-07-11 09:07:03","","https://map-data.service.yukon.ca/GeoYukon/Geological/Geothermal_Radiogenic_Heat_Production/","",42,"","","",""
"data","Geothermal - Metadata","This zip contains the metadata related to the Geothermal datasets.","ZIP","2024-04-05 04:04:21","2025-07-11 03:07:07","","https://ygsftp.gov.yk.ca/YGSIDS/metadata/Geothermal_Dataset_Metadata.zip","",42,"","","",""
"data","YCGC Historic placer - Map","","Webmap","2024-07-15 10:07:27","2025-07-11 08:07:00","","https://experience.arcgis.com/experience/8f9924e8946f4ed7878e1ebb9b7ea373","",43,"","","",""
"data","YCGC Historic placer - GDB","This file is 1.4 MB.","Geodatabase","2024-07-15 10:07:10","2025-07-11 08:07:04","","https://ygsftp.gov.yk.ca/ApexUploads/Compilations/43/YCGC_Historic_Data.gdb.zip","",43,"","","",""
"data","YCGC Historic placer - SHP","This file is 1.9 MB.","Shapefile","2024-07-15 10:07:48","2025-07-11 08:07:08","","https://ygsftp.gov.yk.ca/ApexUploads/Compilations/43/YCGC_Historic_Data.shp.zip","",43,"","","",""
